Método,Tipo,Tamanho,Execução,Tempo(ns)
Quick Sort,Crescente,100,1,98700
Quick Sort,Crescente,100,2,39600
Quick Sort,Crescente,100,3,47200
Quick Sort,Crescente,100,4,39500
Quick Sort,Crescente,100,5,38200
Quick Sort,Crescente,100,6,54600
Quick Sort,Crescente,100,7,35000
Quick Sort,Crescente,100,8,31300
Quick Sort,Crescente,100,9,52100
Quick Sort,Crescente,100,10,127000
Quick Sort,Crescente,1000,1,83600
Quick Sort,Crescente,1000,2,110700
Quick Sort,Crescente,1000,3,106000
Quick Sort,Crescente,1000,4,61300
Quick Sort,Crescente,1000,5,55600
Quick Sort,Crescente,1000,6,66900
Quick Sort,Crescente,1000,7,67000
Quick Sort,Crescente,1000,8,57500
Quick Sort,Crescente,1000,9,111800
Quick Sort,Crescente,1000,10,56600
Quick Sort,Crescente,10000,1,1125300
Quick Sort,Crescente,10000,2,834600
Quick Sort,Crescente,10000,3,746600
Quick Sort,Crescente,10000,4,709100
Quick Sort,Crescente,10000,5,697300
Quick Sort,Crescente,10000,6,816600
Quick Sort,Crescente,10000,7,726100
Quick Sort,Crescente,10000,8,3493800
Quick Sort,Crescente,10000,9,4839700
Quick Sort,Crescente,10000,10,4751600
Quick Sort,Crescente,100000,1,1125300
Quick Sort,Crescente,100000,2,834600
Quick Sort,Crescente,100000,3,746600
Quick Sort,Crescente,100000,4,709100
Quick Sort,Crescente,100000,5,697300
Quick Sort,Crescente,100000,6,816600
Quick Sort,Crescente,100000,7,726100
Quick Sort,Crescente,100000,8,3493800
Quick Sort,Crescente,100000,9,4839700
Quick Sort,Crescente,100000,10,4751600
Quick Sort,Crescente,1000000,1,24212000
Quick Sort,Crescente,1000000,2,23547900
Quick Sort,Crescente,1000000,3,20477200
Quick Sort,Crescente,1000000,4,21354600
Quick Sort,Crescente,1000000,5,23881000
Quick Sort,Crescente,1000000,6,22112600
Quick Sort,Crescente,1000000,7,21966000
Quick Sort,Crescente,1000000,8,20146000
Quick Sort,Crescente,1000000,9,21991800
Quick Sort,Crescente,1000000,10,21865100
Método,Tipo,Tamanho,Execução,Tempo(ns)
Quick Sort,Decrescente,100,1,175500
Quick Sort,Decrescente,100,2,35300
Quick Sort,Decrescente,100,3,34600
Quick Sort,Decrescente,100,4,76800
Quick Sort,Decrescente,100,5,39200
Quick Sort,Decrescente,100,6,55900
Quick Sort,Decrescente,100,7,33900
Quick Sort,Decrescente,100,8,32500
Quick Sort,Decrescente,100,9,72400
Quick Sort,Decrescente,100,10,5500
Quick Sort,Decrescente,1000,1,116300
Quick Sort,Decrescente,1000,2,184200
Quick Sort,Decrescente,1000,3,132300
Quick Sort,Decrescente,1000,4,125300
Quick Sort,Decrescente,1000,5,134900
Quick Sort,Decrescente,1000,6,134300
Quick Sort,Decrescente,1000,7,137400
Quick Sort,Decrescente,1000,8,132300
Quick Sort,Decrescente,1000,9,131900
Quick Sort,Decrescente,1000,10,133700
Quick Sort,Decrescente,10000,1,1860700
Quick Sort,Decrescente,10000,2,1860400
Quick Sort,Decrescente,10000,3,1917800
Quick Sort,Decrescente,10000,4,1914700
Quick Sort,Decrescente,10000,5,1661100
Quick Sort,Decrescente,10000,6,974800
Quick Sort,Decrescente,10000,7,976600
Quick Sort,Decrescente,10000,8,291400
Quick Sort,Decrescente,10000,9,250300
Quick Sort,Decrescente,10000,10,259400
Quick Sort,Decrescente,100000,1,3798000
Quick Sort,Decrescente,100000,2,3519200
Quick Sort,Decrescente,100000,3,3116200
Quick Sort,Decrescente,100000,4,3064500
Quick Sort,Decrescente,100000,5,3219800
Quick Sort,Decrescente,100000,6,3056400
Quick Sort,Decrescente,100000,7,3151700
Quick Sort,Decrescente,100000,8,3099400
Quick Sort,Decrescente,100000,9,3220400
Quick Sort,Decrescente,100000,10,3161700
Quick Sort,Decrescente,1000000,1,42115600
Quick Sort,Decrescente,1000000,2,38243400
Quick Sort,Decrescente,1000000,3,40670300
Quick Sort,Decrescente,1000000,4,40187900
Quick Sort,Decrescente,1000000,5,40609700
Quick Sort,Decrescente,1000000,6,37639700
Quick Sort,Decrescente,1000000,7,37974800
Quick Sort,Decrescente,1000000,8,40457000
Quick Sort,Decrescente,1000000,9,36778700
Quick Sort,Decrescente,1000000,10,36949900
Método,Tipo,Tamanho,Execução,Tempo(ns)
Quick Sort,Aleatório,100,1,7200
Quick Sort,Aleatório,100,2,5500
Quick Sort,Aleatório,100,3,5400
Quick Sort,Aleatório,100,4,5100
Quick Sort,Aleatório,100,5,5000
Quick Sort,Aleatório,100,6,6600
Quick Sort,Aleatório,100,7,5400
Quick Sort,Aleatório,100,8,5100
Quick Sort,Aleatório,100,9,5000
Quick Sort,Aleatório,100,10,4900
Quick Sort,Aleatório,1000,1,71100
Quick Sort,Aleatório,1000,2,81600
Quick Sort,Aleatório,1000,3,78000
Quick Sort,Aleatório,1000,4,67200
Quick Sort,Aleatório,1000,5,107600
Quick Sort,Aleatório,1000,6,75500
Quick Sort,Aleatório,1000,7,71400
Quick Sort,Aleatório,1000,8,64900
Quick Sort,Aleatório,1000,9,65400
Quick Sort,Aleatório,1000,10,66200
Quick Sort,Aleatório,10000,1,857800
Quick Sort,Aleatório,10000,2,823900
Quick Sort,Aleatório,10000,3,835700
Quick Sort,Aleatório,10000,4,967800
Quick Sort,Aleatório,10000,5,817200
Quick Sort,Aleatório,10000,6,785300
Quick Sort,Aleatório,10000,7,814700
Quick Sort,Aleatório,10000,8,806800
Quick Sort,Aleatório,10000,9,854800
Quick Sort,Aleatório,10000,10,797400
Quick Sort,Aleatório,100000,1,12881200
Quick Sort,Aleatório,100000,2,13605300
Quick Sort,Aleatório,100000,3,12720200
Quick Sort,Aleatório,100000,4,13148100
Quick Sort,Aleatório,100000,5,12979100
Quick Sort,Aleatório,100000,6,12973800
Quick Sort,Aleatório,100000,7,12932300
Quick Sort,Aleatório,100000,8,12863000
Quick Sort,Aleatório,100000,9,13089200
Quick Sort,Aleatório,100000,10,10894400
Quick Sort,Aleatório,1000000,1,161827300
Quick Sort,Aleatório,1000000,2,140048800
Quick Sort,Aleatório,1000000,3,152953900
Quick Sort,Aleatório,1000000,4,148668200
Quick Sort,Aleatório,1000000,5,159053700
Quick Sort,Aleatório,1000000,6,150741100
Quick Sort,Aleatório,1000000,7,146607900
Quick Sort,Aleatório,1000000,8,158116700
Quick Sort,Aleatório,1000000,9,164848200
Quick Sort,Aleatório,1000000,10,146880800
Método,Tipo,Tamanho,Execução,Tempo(ns)
Quick Sort,Repetidos,100,1,9400
Quick Sort,Repetidos,100,2,6600
Quick Sort,Repetidos,100,3,6100
Quick Sort,Repetidos,100,4,6600
Quick Sort,Repetidos,100,5,2700
Quick Sort,Repetidos,100,6,2400
Quick Sort,Repetidos,100,7,2000
Quick Sort,Repetidos,100,8,2300
Quick Sort,Repetidos,100,9,2100
Quick Sort,Repetidos,100,10,2100
Quick Sort,Repetidos,1000,1,38300
Quick Sort,Repetidos,1000,2,30000
Quick Sort,Repetidos,1000,3,30300
Quick Sort,Repetidos,1000,4,36100
Quick Sort,Repetidos,1000,5,32100
Quick Sort,Repetidos,1000,6,30000
Quick Sort,Repetidos,1000,7,30900
Quick Sort,Repetidos,1000,8,31500
Quick Sort,Repetidos,1000,9,50200
Quick Sort,Repetidos,1000,10,54600
Quick Sort,Repetidos,10000,1,411500
Quick Sort,Repetidos,10000,2,414900
Quick Sort,Repetidos,10000,3,409800
Quick Sort,Repetidos,10000,4,408500
Quick Sort,Repetidos,10000,5,633200
Quick Sort,Repetidos,10000,6,445800
Quick Sort,Repetidos,10000,7,447700
Quick Sort,Repetidos,10000,8,448600
Quick Sort,Repetidos,10000,9,500700
Quick Sort,Repetidos,10000,10,472400
Quick Sort,Repetidos,100000,1,6040100
Quick Sort,Repetidos,100000,2,6426500
Quick Sort,Repetidos,100000,3,5441900
Quick Sort,Repetidos,100000,4,5292200
Quick Sort,Repetidos,100000,5,5295500
Quick Sort,Repetidos,100000,6,5264700
Quick Sort,Repetidos,100000,7,5312700
Quick Sort,Repetidos,100000,8,5249500
Quick Sort,Repetidos,100000,9,5277500
Quick Sort,Repetidos,100000,10,5301900
Quick Sort,Repetidos,1000000,1,75591800
Quick Sort,Repetidos,1000000,2,71197900
Quick Sort,Repetidos,1000000,3,71224300
Quick Sort,Repetidos,1000000,4,71264200
Quick Sort,Repetidos,1000000,5,70870900
Quick Sort,Repetidos,1000000,6,70754400
Quick Sort,Repetidos,1000000,7,71275600
Quick Sort,Repetidos,1000000,8,70165600
Quick Sort,Repetidos,1000000,9,70417300
Quick Sort,Repetidos,1000000,10,68993100
Método,Tipo,Tamanho,Execução,Tempo(ns)
Merge Sort,Crescente,100,1,260400
Merge Sort,Crescente,100,2,220900
Merge Sort,Crescente,100,3,156100
Merge Sort,Crescente,100,4,200100
Merge Sort,Crescente,100,5,219400
Merge Sort,Crescente,100,6,75200
Merge Sort,Crescente,100,7,74300
Merge Sort,Crescente,100,8,66700
Merge Sort,Crescente,100,9,49000
Merge Sort,Crescente,100,10,51100
Merge Sort,Crescente,1000,1,363000
Merge Sort,Crescente,1000,2,304300
Merge Sort,Crescente,1000,3,290500
Merge Sort,Crescente,1000,4,355400
Merge Sort,Crescente,1000,5,372900
Merge Sort,Crescente,1000,6,290800
Merge Sort,Crescente,1000,7,314800
Merge Sort,Crescente,1000,8,277400
Merge Sort,Crescente,1000,9,267100
Merge Sort,Crescente,1000,10,434000
Merge Sort,Crescente,10000,1,3109700
Merge Sort,Crescente,10000,2,2881800
Merge Sort,Crescente,10000,3,5382300
Merge Sort,Crescente,10000,4,6013900
Merge Sort,Crescente,10000,5,5581400
Merge Sort,Crescente,10000,6,5891600
Merge Sort,Crescente,10000,7,5996900
Merge Sort,Crescente,10000,8,5700200
Merge Sort,Crescente,10000,9,6164900
Merge Sort,Crescente,10000,10,5467300
Merge Sort,Crescente,100000,1,51714200
Merge Sort,Crescente,100000,2,11810400
Merge Sort,Crescente,100000,3,14072300
Merge Sort,Crescente,100000,4,12957400
Merge Sort,Crescente,100000,5,7133900
Merge Sort,Crescente,100000,6,12142900
Merge Sort,Crescente,100000,7,6173400
Merge Sort,Crescente,100000,8,12668200
Merge Sort,Crescente,100000,9,7215900
Merge Sort,Crescente,100000,10,13346500
Merge Sort,Crescente,1000000,1,126367700
Merge Sort,Crescente,1000000,2,130921700
Merge Sort,Crescente,1000000,3,108852200
Merge Sort,Crescente,1000000,4,130443900
Merge Sort,Crescente,1000000,5,121666800
Merge Sort,Crescente,1000000,6,136244900
Merge Sort,Crescente,1000000,7,134445600
Merge Sort,Crescente,1000000,8,109809100
Merge Sort,Crescente,1000000,9,115206800
Merge Sort,Crescente,1000000,10,128450700
Método,Tipo,Tamanho,Execução,Tempo(ns)
Merge Sort,Decrescente,100,1,144600
Merge Sort,Decrescente,100,2,41000
Merge Sort,Decrescente,100,3,41800
Merge Sort,Decrescente,100,4,40100
Merge Sort,Decrescente,100,5,39300
Merge Sort,Decrescente,100,6,43800
Merge Sort,Decrescente,100,7,35400
Merge Sort,Decrescente,100,8,44300
Merge Sort,Decrescente,100,9,34200
Merge Sort,Decrescente,100,10,34100
Merge Sort,Decrescente,1000,1,433100
Merge Sort,Decrescente,1000,2,101700
Merge Sort,Decrescente,1000,3,87800
Merge Sort,Decrescente,1000,4,94300
Merge Sort,Decrescente,1000,5,88300
Merge Sort,Decrescente,1000,6,87300
Merge Sort,Decrescente,1000,7,87900
Merge Sort,Decrescente,1000,8,86400
Merge Sort,Decrescente,1000,9,85700
Merge Sort,Decrescente,1000,10,85700
Merge Sort,Decrescente,10000,1,1134600
Merge Sort,Decrescente,10000,2,1307300
Merge Sort,Decrescente,10000,3,1897300
Merge Sort,Decrescente,10000,4,1841900
Merge Sort,Decrescente,10000,5,1107500
Merge Sort,Decrescente,10000,6,1125900
Merge Sort,Decrescente,10000,7,1156500
Merge Sort,Decrescente,10000,8,1130700
Merge Sort,Decrescente,10000,9,1210600
Merge Sort,Decrescente,10000,10,1199100
Merge Sort,Decrescente,100000,1,37072000
Merge Sort,Decrescente,100000,2,40109900
Merge Sort,Decrescente,100000,3,7825300
Merge Sort,Decrescente,100000,4,7740700
Merge Sort,Decrescente,100000,5,15640000
Merge Sort,Decrescente,100000,6,8353100
Merge Sort,Decrescente,100000,7,11500600
Merge Sort,Decrescente,100000,8,12148100
Merge Sort,Decrescente,100000,9,7878600
Merge Sort,Decrescente,100000,10,7721600
Merge Sort,Decrescente,1000000,1,148894700
Merge Sort,Decrescente,1000000,2,156479900
Merge Sort,Decrescente,1000000,3,140376900
Merge Sort,Decrescente,1000000,4,126708200
Merge Sort,Decrescente,1000000,5,110486200
Merge Sort,Decrescente,1000000,6,128396500
Merge Sort,Decrescente,1000000,7,111099100
Merge Sort,Decrescente,1000000,8,177909400
Merge Sort,Decrescente,1000000,9,158824000
Merge Sort,Decrescente,1000000,10,134412300
Método,Tipo,Tamanho,Execução,Tempo(ns)
Merge Sort,Aleatório,100,1,14200
Merge Sort,Aleatório,100,2,11700
Merge Sort,Aleatório,100,3,11100
Merge Sort,Aleatório,100,4,11200
Merge Sort,Aleatório,100,5,10900
Merge Sort,Aleatório,100,6,14800
Merge Sort,Aleatório,100,7,10800
Merge Sort,Aleatório,100,8,15100
Merge Sort,Aleatório,100,9,11100
Merge Sort,Aleatório,100,10,9000
Merge Sort,Aleatório,1000,1,121600
Merge Sort,Aleatório,1000,2,117800
Merge Sort,Aleatório,1000,3,113700
Merge Sort,Aleatório,1000,4,114700
Merge Sort,Aleatório,1000,5,109400
Merge Sort,Aleatório,1000,6,122600
Merge Sort,Aleatório,1000,7,109800
Merge Sort,Aleatório,1000,8,118900
Merge Sort,Aleatório,1000,9,116300
Merge Sort,Aleatório,1000,10,113600
Merge Sort,Aleatório,10000,1,1457500
Merge Sort,Aleatório,10000,2,1573300
Merge Sort,Aleatório,10000,3,1687900
Merge Sort,Aleatório,10000,4,1601100
Merge Sort,Aleatório,10000,5,1503700
Merge Sort,Aleatório,10000,6,1696200
Merge Sort,Aleatório,10000,7,1663900
Merge Sort,Aleatório,10000,8,1493000
Merge Sort,Aleatório,10000,9,2069000
Merge Sort,Aleatório,10000,10,1474700
Merge Sort,Aleatório,100000,1,22530900
Merge Sort,Aleatório,100000,2,22553600
Merge Sort,Aleatório,100000,3,23234600
Merge Sort,Aleatório,100000,4,22084100
Merge Sort,Aleatório,100000,5,22630600
Merge Sort,Aleatório,100000,6,18710100
Merge Sort,Aleatório,100000,7,17681800
Merge Sort,Aleatório,100000,8,18974900
Merge Sort,Aleatório,100000,9,19669800
Merge Sort,Aleatório,100000,10,19495600
Merge Sort,Aleatório,1000000,1,317051300
Merge Sort,Aleatório,1000000,2,299876600
Merge Sort,Aleatório,1000000,3,290596800
Merge Sort,Aleatório,1000000,4,284355400
Merge Sort,Aleatório,1000000,5,289433400
Merge Sort,Aleatório,1000000,6,293260600
Merge Sort,Aleatório,1000000,7,276267600
Merge Sort,Aleatório,1000000,8,274320300
Merge Sort,Aleatório,1000000,9,309674200
Merge Sort,Aleatório,1000000,10,308502500
Método,Tipo,Tamanho,Execução,Tempo(ns)
Heap Sort,Crescente,100,1,154500
Heap Sort,Crescente,100,2,84700
Heap Sort,Crescente,100,3,83400
Heap Sort,Crescente,100,4,82400
Heap Sort,Crescente,100,5,93500
Heap Sort,Crescente,100,6,92100
Heap Sort,Crescente,100,7,21000
Heap Sort,Crescente,100,8,18300
Heap Sort,Crescente,100,9,29900
Heap Sort,Crescente,100,10,19900
Heap Sort,Crescente,1000,1,231700
Heap Sort,Crescente,1000,2,238300
Heap Sort,Crescente,1000,3,235100
Heap Sort,Crescente,1000,4,239700
Heap Sort,Crescente,1000,5,232900
Heap Sort,Crescente,1000,6,229200
Heap Sort,Crescente,1000,7,229800
Heap Sort,Crescente,1000,8,237800
Heap Sort,Crescente,1000,9,235400
Heap Sort,Crescente,1000,10,246000
Heap Sort,Crescente,10000,1,4205600
Heap Sort,Crescente,10000,2,11764600
Heap Sort,Crescente,10000,3,16327300
Heap Sort,Crescente,10000,4,1143100
Heap Sort,Crescente,10000,5,1028500
Heap Sort,Crescente,10000,6,1005000
Heap Sort,Crescente,10000,7,989500
Heap Sort,Crescente,10000,8,976900
Heap Sort,Crescente,10000,9,1048500
Heap Sort,Crescente,10000,10,1386200
Heap Sort,Crescente,100000,1,14221100
Heap Sort,Crescente,100000,2,11496600
Heap Sort,Crescente,100000,3,11303800
Heap Sort,Crescente,100000,4,11349700
Heap Sort,Crescente,100000,5,11365700
Heap Sort,Crescente,100000,6,11367000
Heap Sort,Crescente,100000,7,11191700
Heap Sort,Crescente,100000,8,11130200
Heap Sort,Crescente,100000,9,11205700
Heap Sort,Crescente,100000,10,11318100
Heap Sort,Crescente,1000000,1,158001600
Heap Sort,Crescente,1000000,2,153309100
Heap Sort,Crescente,1000000,3,149953400
Heap Sort,Crescente,1000000,4,147175900
Heap Sort,Crescente,1000000,5,153142800
Heap Sort,Crescente,1000000,6,149440800
Heap Sort,Crescente,1000000,7,151853900
Heap Sort,Crescente,1000000,8,150369500
Heap Sort,Crescente,1000000,9,151455700
Heap Sort,Crescente,1000000,10,151836400
Método,Tipo,Tamanho,Execução,Tempo(ns)
Heap Sort,Decrescente,100,1,11900
Heap Sort,Decrescente,100,2,7600
Heap Sort,Decrescente,100,3,5600
Heap Sort,Decrescente,100,4,7300
Heap Sort,Decrescente,100,5,6000
Heap Sort,Decrescente,100,6,4200
Heap Sort,Decrescente,100,7,4300
Heap Sort,Decrescente,100,8,4200
Heap Sort,Decrescente,100,9,4100
Heap Sort,Decrescente,100,10,4300
Heap Sort,Decrescente,1000,1,110000
Heap Sort,Decrescente,1000,2,101800
Heap Sort,Decrescente,1000,3,83100
Heap Sort,Decrescente,1000,4,77800
Heap Sort,Decrescente,1000,5,106300
Heap Sort,Decrescente,1000,6,118300
Heap Sort,Decrescente,1000,7,91600
Heap Sort,Decrescente,1000,8,74700
Heap Sort,Decrescente,1000,9,72300
Heap Sort,Decrescente,1000,10,70000
Heap Sort,Decrescente,10000,1,1058300
Heap Sort,Decrescente,10000,2,1057200
Heap Sort,Decrescente,10000,3,1040800
Heap Sort,Decrescente,10000,4,983800
Heap Sort,Decrescente,10000,5,960900
Heap Sort,Decrescente,10000,6,1037000
Heap Sort,Decrescente,10000,7,946200
Heap Sort,Decrescente,10000,8,952900
Heap Sort,Decrescente,10000,9,933900
Heap Sort,Decrescente,10000,10,934400
Heap Sort,Decrescente,100000,1,12000600
Heap Sort,Decrescente,100000,2,11447500
Heap Sort,Decrescente,100000,3,12384000
Heap Sort,Decrescente,100000,4,11405300
Heap Sort,Decrescente,100000,5,11645600
Heap Sort,Decrescente,100000,6,11438400
Heap Sort,Decrescente,100000,7,11578000
Heap Sort,Decrescente,100000,8,11715900
Heap Sort,Decrescente,100000,9,11617700
Heap Sort,Decrescente,100000,10,11516400
Heap Sort,Decrescente,1000000,1,186233000
Heap Sort,Decrescente,1000000,2,168480700
Heap Sort,Decrescente,1000000,3,173538700
Heap Sort,Decrescente,1000000,4,165944000
Heap Sort,Decrescente,1000000,5,172378700
Heap Sort,Decrescente,1000000,6,167884200
Heap Sort,Decrescente,1000000,7,176131400
Heap Sort,Decrescente,1000000,8,168881500
Heap Sort,Decrescente,1000000,9,175510800
Heap Sort,Decrescente,1000000,10,166549400
Método,Tipo,Tamanho,Execução,Tempo(ns)
Heap Sort,Aleatório,100,1,9200
Heap Sort,Aleatório,100,2,7500
Heap Sort,Aleatório,100,3,6700
Heap Sort,Aleatório,100,4,6700
Heap Sort,Aleatório,100,5,6700
Heap Sort,Aleatório,100,6,6500
Heap Sort,Aleatório,100,7,7000
Heap Sort,Aleatório,100,8,6700
Heap Sort,Aleatório,100,9,6700
Heap Sort,Aleatório,100,10,6400
Heap Sort,Aleatório,1000,1,102100
Heap Sort,Aleatório,1000,2,108600
Heap Sort,Aleatório,1000,3,98100
Heap Sort,Aleatório,1000,4,97700
Heap Sort,Aleatório,1000,5,100500
Heap Sort,Aleatório,1000,6,98100
Heap Sort,Aleatório,1000,7,97000
Heap Sort,Aleatório,1000,8,97100
Heap Sort,Aleatório,1000,9,97000
Heap Sort,Aleatório,1000,10,96100
Heap Sort,Aleatório,10000,1,1587100
Heap Sort,Aleatório,10000,2,1337100
Heap Sort,Aleatório,10000,3,1344400
Heap Sort,Aleatório,10000,4,1321100
Heap Sort,Aleatório,10000,5,1318700
Heap Sort,Aleatório,10000,6,1665700
Heap Sort,Aleatório,10000,7,1289500
Heap Sort,Aleatório,10000,8,1300000
Heap Sort,Aleatório,10000,9,1343800
Heap Sort,Aleatório,10000,10,1356000
Heap Sort,Aleatório,100000,1,27073000
Heap Sort,Aleatório,100000,2,29402800
Heap Sort,Aleatório,100000,3,27346700
Heap Sort,Aleatório,100000,4,22975100
Heap Sort,Aleatório,100000,5,22855400
Heap Sort,Aleatório,100000,6,22236000
Heap Sort,Aleatório,100000,7,19524100
Heap Sort,Aleatório,100000,8,21134500
Heap Sort,Aleatório,100000,9,24974200
Heap Sort,Aleatório,100000,10,22824200
Heap Sort,Aleatório,1000000,1,560801800
Heap Sort,Aleatório,1000000,2,528863600
Heap Sort,Aleatório,1000000,3,529079200
Heap Sort,Aleatório,1000000,4,527657100
Heap Sort,Aleatório,1000000,5,527042500
Heap Sort,Aleatório,1000000,6,525185200
Heap Sort,Aleatório,1000000,7,527883900
Heap Sort,Aleatório,1000000,8,534897600
Heap Sort,Aleatório,1000000,9,530798400
Heap Sort,Aleatório,1000000,10,532438800
Método,Tipo,Tamanho,Execução,Tempo(ns)
Heap Sort,Repetidos,100,1,1900
Heap Sort,Repetidos,100,2,1100
Heap Sort,Repetidos,100,3,2700
Heap Sort,Repetidos,100,4,2100
Heap Sort,Repetidos,100,5,2800
Heap Sort,Repetidos,100,6,3000
Heap Sort,Repetidos,100,7,1700
Heap Sort,Repetidos,100,8,1700
Heap Sort,Repetidos,100,9,1900
Heap Sort,Repetidos,100,10,1800
Heap Sort,Repetidos,1000,1,17000
Heap Sort,Repetidos,1000,2,14200
Heap Sort,Repetidos,1000,3,14100
Heap Sort,Repetidos,1000,4,14000
Heap Sort,Repetidos,1000,5,24700
Heap Sort,Repetidos,1000,6,14500
Heap Sort,Repetidos,1000,7,14000
Heap Sort,Repetidos,1000,8,13900
Heap Sort,Repetidos,1000,9,14000
Heap Sort,Repetidos,1000,10,14000
Heap Sort,Repetidos,10000,1,146300
Heap Sort,Repetidos,10000,2,79500
Heap Sort,Repetidos,10000,3,81200
Heap Sort,Repetidos,10000,4,81300
Heap Sort,Repetidos,10000,5,92000
Heap Sort,Repetidos,10000,6,156200
Heap Sort,Repetidos,10000,7,110000
Heap Sort,Repetidos,10000,8,96300
Heap Sort,Repetidos,10000,9,81600
Heap Sort,Repetidos,10000,10,81700
Heap Sort,Repetidos,100000,1,885700
Heap Sort,Repetidos,100000,2,882900
Heap Sort,Repetidos,100000,3,959800
Heap Sort,Repetidos,100000,4,863100
Heap Sort,Repetidos,100000,5,772100
Heap Sort,Repetidos,100000,6,772600
Heap Sort,Repetidos,100000,7,770200
Heap Sort,Repetidos,100000,8,768500
Heap Sort,Repetidos,100000,9,779600
Heap Sort,Repetidos,100000,10,779500
Heap Sort,Repetidos,1000000,1,8588300
Heap Sort,Repetidos,1000000,2,11221200
Heap Sort,Repetidos,1000000,3,8949600
Heap Sort,Repetidos,1000000,4,9652300
Heap Sort,Repetidos,1000000,5,8594200
Heap Sort,Repetidos,1000000,6,9098700
Heap Sort,Repetidos,1000000,7,9508900
Heap Sort,Repetidos,1000000,8,8807900
Heap Sort,Repetidos,1000000,9,8979700
Heap Sort,Repetidos,1000000,10,10345300
Método,Tipo,Tamanho,Execução,Tempo(ns)
Shell Sort,Crescente,100,1,44200
Shell Sort,Crescente,100,2,44500
Shell Sort,Crescente,100,3,36500
Shell Sort,Crescente,100,4,33100
Shell Sort,Crescente,100,5,34100
Shell Sort,Crescente,100,6,33400
Shell Sort,Crescente,100,7,33700
Shell Sort,Crescente,100,8,33100
Shell Sort,Crescente,100,9,34200
Shell Sort,Crescente,100,10,33100
Shell Sort,Crescente,1000,1,474500
Shell Sort,Crescente,1000,2,483700
Shell Sort,Crescente,1000,3,468200
Shell Sort,Crescente,1000,4,448700
Shell Sort,Crescente,1000,5,441200
Shell Sort,Crescente,1000,6,425100
Shell Sort,Crescente,1000,7,451600
Shell Sort,Crescente,1000,8,434600
Shell Sort,Crescente,1000,9,180000
Shell Sort,Crescente,1000,10,122400
Shell Sort,Crescente,10000,1,974200
Shell Sort,Crescente,10000,2,897800
Shell Sort,Crescente,10000,3,1060700
Shell Sort,Crescente,10000,4,2726000
Shell Sort,Crescente,10000,5,902300
Shell Sort,Crescente,10000,6,897800
Shell Sort,Crescente,10000,7,893000
Shell Sort,Crescente,10000,8,1020500
Shell Sort,Crescente,10000,9,907300
Shell Sort,Crescente,10000,10,5769200
Shell Sort,Crescente,100000,1,6661200
Shell Sort,Crescente,100000,2,3630600
Shell Sort,Crescente,100000,3,3486100
Shell Sort,Crescente,100000,4,3581600
Shell Sort,Crescente,100000,5,3414100
Shell Sort,Crescente,100000,6,3529600
Shell Sort,Crescente,100000,7,3267000
Shell Sort,Crescente,100000,8,3291500
Shell Sort,Crescente,100000,9,3462700
Shell Sort,Crescente,100000,10,3251400
Shell Sort,Crescente,1000000,1,61417400
Shell Sort,Crescente,1000000,2,60394500
Shell Sort,Crescente,1000000,3,63699900
Shell Sort,Crescente,1000000,4,60918300
Shell Sort,Crescente,1000000,5,52324300
Shell Sort,Crescente,1000000,6,56007500
Shell Sort,Crescente,1000000,7,54422600
Shell Sort,Crescente,1000000,8,52368000
Shell Sort,Crescente,1000000,9,50564500
Shell Sort,Crescente,1000000,10,55267500
Método,Tipo,Tamanho,Execução,Tempo(ns)
Shell Sort,Decrescente,100,1,93500
Shell Sort,Decrescente,100,2,121500
Shell Sort,Decrescente,100,3,50000
Shell Sort,Decrescente,100,4,45200
Shell Sort,Decrescente,100,5,47100
Shell Sort,Decrescente,100,6,46000
Shell Sort,Decrescente,100,7,24300
Shell Sort,Decrescente,100,8,8700
Shell Sort,Decrescente,100,9,9000
Shell Sort,Decrescente,100,10,11000
Shell Sort,Decrescente,1000,1,122300
Shell Sort,Decrescente,1000,2,105500
Shell Sort,Decrescente,1000,3,94900
Shell Sort,Decrescente,1000,4,110800
Shell Sort,Decrescente,1000,5,140000
Shell Sort,Decrescente,1000,6,154200
Shell Sort,Decrescente,1000,7,98500
Shell Sort,Decrescente,1000,8,103900
Shell Sort,Decrescente,1000,9,98900
Shell Sort,Decrescente,1000,10,99200
Shell Sort,Decrescente,10000,1,1396900
Shell Sort,Decrescente,10000,2,1350600
Shell Sort,Decrescente,10000,3,1391400
Shell Sort,Decrescente,10000,4,3908800
Shell Sort,Decrescente,10000,5,1479900
Shell Sort,Decrescente,10000,6,1353700
Shell Sort,Decrescente,10000,7,1335900
Shell Sort,Decrescente,10000,8,1434200
Shell Sort,Decrescente,10000,9,8543200
Shell Sort,Decrescente,10000,10,8410500
Shell Sort,Decrescente,100000,1,8013300
Shell Sort,Decrescente,100000,2,7574500
Shell Sort,Decrescente,100000,3,7217500
Shell Sort,Decrescente,100000,4,6963600
Shell Sort,Decrescente,100000,5,6934300
Shell Sort,Decrescente,100000,6,6873400
Shell Sort,Decrescente,100000,7,6870900
Shell Sort,Decrescente,100000,8,6981500
Shell Sort,Decrescente,100000,9,6912800
Shell Sort,Decrescente,100000,10,7082200
Shell Sort,Decrescente,1000000,1,107141100
Shell Sort,Decrescente,1000000,2,108695500
Shell Sort,Decrescente,1000000,3,108146300
Shell Sort,Decrescente,1000000,4,106394500
Shell Sort,Decrescente,1000000,5,105710200
Shell Sort,Decrescente,1000000,6,104082400
Shell Sort,Decrescente,1000000,7,104775200
Shell Sort,Decrescente,1000000,8,102102900
Shell Sort,Decrescente,1000000,9,106115200
Shell Sort,Decrescente,1000000,10,105376000
Método,Tipo,Tamanho,Execução,Tempo(ns)
Shell Sort,Aleatório,100,1,9900
Shell Sort,Aleatório,100,2,8800
Shell Sort,Aleatório,100,3,8100
Shell Sort,Aleatório,100,4,7700
Shell Sort,Aleatório,100,5,7300
Shell Sort,Aleatório,100,6,7800
Shell Sort,Aleatório,100,7,6600
Shell Sort,Aleatório,100,8,6500
Shell Sort,Aleatório,100,9,6200
Shell Sort,Aleatório,100,10,6300
Shell Sort,Aleatório,1000,1,101800
Shell Sort,Aleatório,1000,2,103800
Shell Sort,Aleatório,1000,3,102700
Shell Sort,Aleatório,1000,4,102200
Shell Sort,Aleatório,1000,5,103300
Shell Sort,Aleatório,1000,6,109900
Shell Sort,Aleatório,1000,7,104800
Shell Sort,Aleatório,1000,8,104800
Shell Sort,Aleatório,1000,9,107900
Shell Sort,Aleatório,1000,10,104100
Shell Sort,Aleatório,10000,1,1735500
Shell Sort,Aleatório,10000,2,1535300
Shell Sort,Aleatório,10000,3,1700600
Shell Sort,Aleatório,10000,4,1533200
Shell Sort,Aleatório,10000,5,1575400
Shell Sort,Aleatório,10000,6,1546300
Shell Sort,Aleatório,10000,7,1572200
Shell Sort,Aleatório,10000,8,2050200
Shell Sort,Aleatório,10000,9,1550400
Shell Sort,Aleatório,10000,10,1517000
Shell Sort,Aleatório,100000,1,31344200
Shell Sort,Aleatório,100000,2,33408400
Shell Sort,Aleatório,100000,3,33067900
Shell Sort,Aleatório,100000,4,33252700
Shell Sort,Aleatório,100000,5,35400300
Shell Sort,Aleatório,100000,6,33034500
Shell Sort,Aleatório,100000,7,35353200
Shell Sort,Aleatório,100000,8,36496100
Shell Sort,Aleatório,100000,9,37405200
Shell Sort,Aleatório,100000,10,33550900
Shell Sort,Aleatório,1000000,1,898866600
Shell Sort,Aleatório,1000000,2,835917200
Shell Sort,Aleatório,1000000,3,867126800
Shell Sort,Aleatório,1000000,4,873385200
Shell Sort,Aleatório,1000000,5,931700800
Shell Sort,Aleatório,1000000,6,849409400
Shell Sort,Aleatório,1000000,7,895038600
Shell Sort,Aleatório,1000000,8,859466300
Shell Sort,Aleatório,1000000,9,835944500
Shell Sort,Aleatório,1000000,10,887299200
Método,Tipo,Tamanho,Execução,Tempo(ns)
Shell Sort,Repetidos,100,1,3100
Shell Sort,Repetidos,100,2,3100
Shell Sort,Repetidos,100,3,2300
Shell Sort,Repetidos,100,4,2200
Shell Sort,Repetidos,100,5,2100
Shell Sort,Repetidos,100,6,2200
Shell Sort,Repetidos,100,7,3400
Shell Sort,Repetidos,100,8,3300
Shell Sort,Repetidos,100,9,3300
Shell Sort,Repetidos,100,10,3200
Shell Sort,Repetidos,1000,1,37700
Shell Sort,Repetidos,1000,2,32400
Shell Sort,Repetidos,1000,3,30700
Shell Sort,Repetidos,1000,4,30000
Shell Sort,Repetidos,1000,5,32400
Shell Sort,Repetidos,1000,6,29900
Shell Sort,Repetidos,1000,7,30300
Shell Sort,Repetidos,1000,8,54400
Shell Sort,Repetidos,1000,9,32500
Shell Sort,Repetidos,1000,10,29900
Shell Sort,Repetidos,10000,1,451700
Shell Sort,Repetidos,10000,2,564200
Shell Sort,Repetidos,10000,3,551300
Shell Sort,Repetidos,10000,4,458800
Shell Sort,Repetidos,10000,5,450700
Shell Sort,Repetidos,10000,6,462400
Shell Sort,Repetidos,10000,7,721200
Shell Sort,Repetidos,10000,8,472200
Shell Sort,Repetidos,10000,9,492700
Shell Sort,Repetidos,10000,10,446200
Shell Sort,Repetidos,100000,1,5724400
Shell Sort,Repetidos,100000,2,5629200
Shell Sort,Repetidos,100000,3,5425400
Shell Sort,Repetidos,100000,4,5554000
Shell Sort,Repetidos,100000,5,5495500
Shell Sort,Repetidos,100000,6,5444200
Shell Sort,Repetidos,100000,7,5613200
Shell Sort,Repetidos,100000,8,5455300
Shell Sort,Repetidos,100000,9,5545900
Shell Sort,Repetidos,100000,10,5450100
Shell Sort,Repetidos,1000000,1,79622900
Shell Sort,Repetidos,1000000,2,85865900
Shell Sort,Repetidos,1000000,3,68693600
Shell Sort,Repetidos,1000000,4,70487700
Shell Sort,Repetidos,1000000,5,71647800
Shell Sort,Repetidos,1000000,6,71382300
Shell Sort,Repetidos,1000000,7,71053300
Shell Sort,Repetidos,1000000,8,69267500
Shell Sort,Repetidos,1000000,9,73072700
Shell Sort,Repetidos,1000000,10,69711600
Método,Tipo,Tamanho,Execução,Tempo(ns)
Selection Sort,Crescente,100,1,417600
Selection Sort,Crescente,100,2,219200
Selection Sort,Crescente,100,3,201100
Selection Sort,Crescente,100,4,184600
Selection Sort,Crescente,100,5,187400
Selection Sort,Crescente,100,6,184800
Selection Sort,Crescente,100,7,243400
Selection Sort,Crescente,100,8,186800
Selection Sort,Crescente,100,9,194200
Selection Sort,Crescente,100,10,233400
Selection Sort,Crescente,1000,1,3714800
Selection Sort,Crescente,1000,2,2299100
Selection Sort,Crescente,1000,3,1620500
Selection Sort,Crescente,1000,4,2214400
Selection Sort,Crescente,1000,5,2220900
Selection Sort,Crescente,1000,6,267300
Selection Sort,Crescente,1000,7,260500
Selection Sort,Crescente,1000,8,271600
Selection Sort,Crescente,1000,9,255100
Selection Sort,Crescente,1000,10,250900
Selection Sort,Crescente,10000,1,25636600
Selection Sort,Crescente,10000,2,25283200
Selection Sort,Crescente,10000,3,25400600
Selection Sort,Crescente,10000,4,25758100
Selection Sort,Crescente,10000,5,25218800
Selection Sort,Crescente,10000,6,22087600
Selection Sort,Crescente,10000,7,21514300
Selection Sort,Crescente,10000,8,21962500
Selection Sort,Crescente,10000,9,22266000
Selection Sort,Crescente,10000,10,22425700
Selection Sort,Crescente,100000,1,2194873300
Selection Sort,Crescente,100000,2,2165334800
Selection Sort,Crescente,100000,3,2164947200
Selection Sort,Crescente,100000,4,2183291900
Selection Sort,Crescente,100000,5,2140896000
Selection Sort,Crescente,100000,6,2155858000
Selection Sort,Crescente,100000,7,2156499700
Selection Sort,Crescente,100000,8,2141928800
Selection Sort,Crescente,100000,9,2168501300
Selection Sort,Crescente,100000,10,2456208800
Selection Sort,Crescente,1000000,1,294107037800
Selection Sort,Crescente,1000000,2,292435720800
Selection Sort,Crescente,1000000,3,309399978100
Selection Sort,Crescente,1000000,4,273746781300
Selection Sort,Crescente,1000000,5,288502608000
Selection Sort,Crescente,1000000,6,282120836300
Selection Sort,Crescente,1000000,7,302423664800
Selection Sort,Crescente,1000000,8,287685230200
Selection Sort,Crescente,1000000,9,305892739300
Selection Sort,Crescente,1000000,10,289347195600
Método,Tipo,Tamanho,Execução,Tempo(ns)
Selection Sort,Decrescente,100,1,442300
Selection Sort,Decrescente,100,2,230700
Selection Sort,Decrescente,100,3,51800
Selection Sort,Decrescente,100,4,38600
Selection Sort,Decrescente,100,5,40500
Selection Sort,Decrescente,100,6,73900
Selection Sort,Decrescente,100,7,53700
Selection Sort,Decrescente,100,8,34500
Selection Sort,Decrescente,100,9,50800
Selection Sort,Decrescente,100,10,67500
Selection Sort,Decrescente,1000,1,4108400
Selection Sort,Decrescente,1000,2,2560700
Selection Sort,Decrescente,1000,3,12168200
Selection Sort,Decrescente,1000,4,6956000
Selection Sort,Decrescente,1000,5,601100
Selection Sort,Decrescente,1000,6,637600
Selection Sort,Decrescente,1000,7,656700
Selection Sort,Decrescente,1000,8,614200
Selection Sort,Decrescente,1000,9,620800
Selection Sort,Decrescente,1000,10,608000
Selection Sort,Decrescente,10000,1,56124200
Selection Sort,Decrescente,10000,2,53957000
Selection Sort,Decrescente,10000,3,55150700
Selection Sort,Decrescente,10000,4,49550200
Selection Sort,Decrescente,10000,5,53249500
Selection Sort,Decrescente,10000,6,51049200
Selection Sort,Decrescente,10000,7,35969100
Selection Sort,Decrescente,10000,8,34954400
Selection Sort,Decrescente,10000,9,34972600
Selection Sort,Decrescente,10000,10,35270700
Selection Sort,Decrescente,100000,1,3569866100
Selection Sort,Decrescente,100000,2,4536605000
Selection Sort,Decrescente,100000,3,3498301100
Selection Sort,Decrescente,100000,4,3457544600
Selection Sort,Decrescente,100000,5,3499737900
Selection Sort,Decrescente,100000,6,3472317400
Selection Sort,Decrescente,100000,7,3458728300
Selection Sort,Decrescente,100000,8,3490737200
Selection Sort,Decrescente,100000,9,3474220100
Selection Sort,Decrescente,100000,10,3474701500
Selection Sort,Decrescente,1000000,1,392801310700
Selection Sort,Decrescente,1000000,2,408327151900
Selection Sort,Decrescente,1000000,3,416535406600
Selection Sort,Decrescente,1000000,4,418182167500
Selection Sort,Decrescente,1000000,5,400721041600
Selection Sort,Decrescente,1000000,6,395029569100
Selection Sort,Decrescente,1000000,7,394177979200
Selection Sort,Decrescente,1000000,8,394603085000
Selection Sort,Decrescente,1000000,9,396479553700
Selection Sort,Decrescente,1000000,10,395353990600
Método,Tipo,Tamanho,Execução,Tempo(ns)
Selection Sort,Aleatório,100,1,940800
Selection Sort,Aleatório,100,2,463100
Selection Sort,Aleatório,100,3,365100
Selection Sort,Aleatório,100,4,365400
Selection Sort,Aleatório,100,5,339200
Selection Sort,Aleatório,100,6,368500
Selection Sort,Aleatório,100,7,396000
Selection Sort,Aleatório,100,8,390900
Selection Sort,Aleatório,100,9,356600
Selection Sort,Aleatório,100,10,354100
Selection Sort,Aleatório,1000,1,8572600
Selection Sort,Aleatório,1000,2,17409600
Selection Sort,Aleatório,1000,3,28242900
Selection Sort,Aleatório,1000,4,4615400
Selection Sort,Aleatório,1000,5,1041100
Selection Sort,Aleatório,1000,6,896900
Selection Sort,Aleatório,1000,7,918900
Selection Sort,Aleatório,1000,8,920600
Selection Sort,Aleatório,1000,9,941900
Selection Sort,Aleatório,1000,10,940900
Selection Sort,Aleatório,10000,1,86054200
Selection Sort,Aleatório,10000,2,68316600
Selection Sort,Aleatório,10000,3,78427300
Selection Sort,Aleatório,10000,4,71802300
Selection Sort,Aleatório,10000,5,88887700
Selection Sort,Aleatório,10000,6,76414500
Selection Sort,Aleatório,10000,7,65259600
Selection Sort,Aleatório,10000,8,64046000
Selection Sort,Aleatório,10000,9,67055500
Selection Sort,Aleatório,10000,10,64566600
Selection Sort,Aleatório,100000,1,9365828000
Selection Sort,Aleatório,100000,2,9332104000
Selection Sort,Aleatório,100000,3,9329661400
Selection Sort,Aleatório,100000,4,9308162300
Selection Sort,Aleatório,100000,5,9325196200
Selection Sort,Aleatório,100000,6,9253846800
Selection Sort,Aleatório,100000,7,9487633400
Selection Sort,Aleatório,100000,8,9418395100
Selection Sort,Aleatório,100000,9,9276824400
Selection Sort,Aleatório,100000,10,9463987400
Selection Sort,Aleatório,1000000,1,1750256854500
Selection Sort,Aleatório,1000000,2,1418573860700
Selection Sort,Aleatório,1000000,3,1431405660800
Selection Sort,Aleatório,1000000,4,1411550424700
Selection Sort,Aleatório,1000000,5,1408297149500
Selection Sort,Aleatório,1000000,6,1495222358600
Selection Sort,Aleatório,1000000,7,1482548968000
Selection Sort,Aleatório,1000000,8,1462536845600
Selection Sort,Aleatório,1000000,9,1524144468800
Selection Sort,Aleatório,1000000,10,1752917156600
Método,Tipo,Tamanho,Execução,Tempo(ns)
Selection Sort,Repetidos,100,1,5100
Selection Sort,Repetidos,100,2,4900
Selection Sort,Repetidos,100,3,4800
Selection Sort,Repetidos,100,4,7700
Selection Sort,Repetidos,100,5,7400
Selection Sort,Repetidos,100,6,4600
Selection Sort,Repetidos,100,7,4500
Selection Sort,Repetidos,100,8,4500
Selection Sort,Repetidos,100,9,4600
Selection Sort,Repetidos,100,10,4600
Selection Sort,Repetidos,1000,1,565900
Selection Sort,Repetidos,1000,2,980700
Selection Sort,Repetidos,1000,3,718600
Selection Sort,Repetidos,1000,4,739500
Selection Sort,Repetidos,1000,5,699900
Selection Sort,Repetidos,1000,6,403500
Selection Sort,Repetidos,1000,7,404000
Selection Sort,Repetidos,1000,8,694300
Selection Sort,Repetidos,1000,9,474400
Selection Sort,Repetidos,1000,10,423900
Selection Sort,Repetidos,10000,1,38582600
Selection Sort,Repetidos,10000,2,35402500
Selection Sort,Repetidos,10000,3,36118700
Selection Sort,Repetidos,10000,4,34679500
Selection Sort,Repetidos,10000,5,34694200
Selection Sort,Repetidos,10000,6,35787700
Selection Sort,Repetidos,10000,7,35728800
Selection Sort,Repetidos,10000,8,34836600
Selection Sort,Repetidos,10000,9,35736300
Selection Sort,Repetidos,10000,10,34950500
Selection Sort,Repetidos,100000,1,3917791000
Selection Sort,Repetidos,100000,2,3524974500
Selection Sort,Repetidos,100000,3,3508312400
Selection Sort,Repetidos,100000,4,3437230400
Selection Sort,Repetidos,100000,5,3449725300
Selection Sort,Repetidos,100000,6,3469093100
Selection Sort,Repetidos,100000,7,3477777400
Selection Sort,Repetidos,100000,8,3466321600
Selection Sort,Repetidos,100000,9,3469460000
Selection Sort,Repetidos,100000,10,3450695500
Selection Sort,Repetidos,1000000,1,391773991800
Selection Sort,Repetidos,1000000,2,386478449400
Selection Sort,Repetidos,1000000,3,391776217000
Selection Sort,Repetidos,1000000,4,384649226800
Selection Sort,Repetidos,1000000,5,400829262100
Selection Sort,Repetidos,1000000,6,356695487600
Selection Sort,Repetidos,1000000,7,384490061900
Selection Sort,Repetidos,1000000,8,387804351300
Selection Sort,Repetidos,1000000,9,391053590600
Selection Sort,Repetidos,1000000,10,396761881900
Método,Tipo,Tamanho,Execução,Tempo(ns)
Bucket Sort,Crescente,100,1,9630900
Bucket Sort,Crescente,100,2,111000
Bucket Sort,Crescente,100,3,90300
Bucket Sort,Crescente,100,4,113600
Bucket Sort,Crescente,100,5,97400
Bucket Sort,Crescente,100,6,74800
Bucket Sort,Crescente,100,7,74200
Bucket Sort,Crescente,100,8,70000
Bucket Sort,Crescente,100,9,76700
Bucket Sort,Crescente,100,10,61500
Bucket Sort,Crescente,1000,1,587500
Bucket Sort,Crescente,1000,2,445500
Bucket Sort,Crescente,1000,3,1020100
Bucket Sort,Crescente,1000,4,458100
Bucket Sort,Crescente,1000,5,508800
Bucket Sort,Crescente,1000,6,365500
Bucket Sort,Crescente,1000,7,423700
Bucket Sort,Crescente,1000,8,562700
Bucket Sort,Crescente,1000,9,517100
Bucket Sort,Crescente,1000,10,477900
Bucket Sort,Crescente,10000,1,2782100
Bucket Sort,Crescente,10000,2,3034400
Bucket Sort,Crescente,10000,3,2030300
Bucket Sort,Crescente,10000,4,1591900
Bucket Sort,Crescente,10000,5,974000
Bucket Sort,Crescente,10000,6,735000
Bucket Sort,Crescente,10000,7,692100
Bucket Sort,Crescente,10000,8,708200
Bucket Sort,Crescente,10000,9,755300
Bucket Sort,Crescente,10000,10,700500
Bucket Sort,Crescente,100000,1,5495300
Bucket Sort,Crescente,100000,2,4541400
Bucket Sort,Crescente,100000,3,5206100
Bucket Sort,Crescente,100000,4,4679800
Bucket Sort,Crescente,100000,5,4488600
Bucket Sort,Crescente,100000,6,3816600
Bucket Sort,Crescente,100000,7,4591400
Bucket Sort,Crescente,100000,8,4700200
Bucket Sort,Crescente,100000,9,3326800
Bucket Sort,Crescente,100000,10,2879300
Bucket Sort,Crescente,1000000,1,84054200
Bucket Sort,Crescente,1000000,2,98425300
Bucket Sort,Crescente,1000000,3,40307400
Bucket Sort,Crescente,1000000,4,61557500
Bucket Sort,Crescente,1000000,5,55805100
Bucket Sort,Crescente,1000000,6,64200800
Bucket Sort,Crescente,1000000,7,36500200
Bucket Sort,Crescente,1000000,8,32261900
Bucket Sort,Crescente,1000000,9,42882200
Bucket Sort,Crescente,1000000,10,25116300
Método,Tipo,Tamanho,Execução,Tempo(ns)
Bucket Sort,Decrescente,100,1,373100
Bucket Sort,Decrescente,100,2,138200
Bucket Sort,Decrescente,100,3,105800
Bucket Sort,Decrescente,100,4,96800
Bucket Sort,Decrescente,100,5,82700
Bucket Sort,Decrescente,100,6,62400
Bucket Sort,Decrescente,100,7,60100
Bucket Sort,Decrescente,100,8,70300
Bucket Sort,Decrescente,100,9,52600
Bucket Sort,Decrescente,100,10,61200
Bucket Sort,Decrescente,1000,1,332100
Bucket Sort,Decrescente,1000,2,244300
Bucket Sort,Decrescente,1000,3,253100
Bucket Sort,Decrescente,1000,4,222900
Bucket Sort,Decrescente,1000,5,142400
Bucket Sort,Decrescente,1000,6,151700
Bucket Sort,Decrescente,1000,7,134900
Bucket Sort,Decrescente,1000,8,111100
Bucket Sort,Decrescente,1000,9,102700
Bucket Sort,Decrescente,1000,10,86900
Bucket Sort,Decrescente,10000,1,700200
Bucket Sort,Decrescente,10000,2,757100
Bucket Sort,Decrescente,10000,3,836300
Bucket Sort,Decrescente,10000,4,690800
Bucket Sort,Decrescente,10000,5,746500
Bucket Sort,Decrescente,10000,6,467500
Bucket Sort,Decrescente,10000,7,967500
Bucket Sort,Decrescente,10000,8,692900
Bucket Sort,Decrescente,10000,9,849400
Bucket Sort,Decrescente,10000,10,670400
Bucket Sort,Decrescente,100000,1,3057500
Bucket Sort,Decrescente,100000,2,3285100
Bucket Sort,Decrescente,100000,3,3199000
Bucket Sort,Decrescente,100000,4,3228700
Bucket Sort,Decrescente,100000,5,11394400
Bucket Sort,Decrescente,100000,6,3098100
Bucket Sort,Decrescente,100000,7,2471500
Bucket Sort,Decrescente,100000,8,2775900
Bucket Sort,Decrescente,100000,9,2534000
Bucket Sort,Decrescente,100000,10,2729500
Bucket Sort,Decrescente,1000000,1,41663500
Bucket Sort,Decrescente,1000000,2,25582900
Bucket Sort,Decrescente,1000000,3,56135300
Bucket Sort,Decrescente,1000000,4,62706400
Bucket Sort,Decrescente,1000000,5,32047300
Bucket Sort,Decrescente,1000000,6,34018200
Bucket Sort,Decrescente,1000000,7,30500600
Bucket Sort,Decrescente,1000000,8,24571600
Bucket Sort,Decrescente,1000000,9,25176900
Bucket Sort,Decrescente,1000000,10,50693700
Método,Tipo,Tamanho,Execução,Tempo(ns)
Bucket Sort,Aleatório,100,1,168600
Bucket Sort,Aleatório,100,2,46000
Bucket Sort,Aleatório,100,3,45200
Bucket Sort,Aleatório,100,4,39700
Bucket Sort,Aleatório,100,5,35300
Bucket Sort,Aleatório,100,6,30800
Bucket Sort,Aleatório,100,7,28500
Bucket Sort,Aleatório,100,8,38800
Bucket Sort,Aleatório,100,9,20300
Bucket Sort,Aleatório,100,10,17600
Bucket Sort,Aleatório,1000,1,675100
Bucket Sort,Aleatório,1000,2,262800
Bucket Sort,Aleatório,1000,3,336600
Bucket Sort,Aleatório,1000,4,220000
Bucket Sort,Aleatório,1000,5,197600
Bucket Sort,Aleatório,1000,6,171000
Bucket Sort,Aleatório,1000,7,174100
Bucket Sort,Aleatório,1000,8,265800
Bucket Sort,Aleatório,1000,9,225700
Bucket Sort,Aleatório,1000,10,192900
Bucket Sort,Aleatório,10000,1,4528800
Bucket Sort,Aleatório,10000,2,2453200
Bucket Sort,Aleatório,10000,3,2893600
Bucket Sort,Aleatório,10000,4,2413100
Bucket Sort,Aleatório,10000,5,2589800
Bucket Sort,Aleatório,10000,6,2074300
Bucket Sort,Aleatório,10000,7,1641800
Bucket Sort,Aleatório,10000,8,2143600
Bucket Sort,Aleatório,10000,9,2122500
Bucket Sort,Aleatório,10000,10,2219900
Bucket Sort,Aleatório,100000,1,21319300
Bucket Sort,Aleatório,100000,2,21699900
Bucket Sort,Aleatório,100000,3,15194900
Bucket Sort,Aleatório,100000,4,14062300
Bucket Sort,Aleatório,100000,5,14198300
Bucket Sort,Aleatório,100000,6,14619000
Bucket Sort,Aleatório,100000,7,13970200
Bucket Sort,Aleatório,100000,8,14022400
Bucket Sort,Aleatório,100000,9,13850400
Bucket Sort,Aleatório,100000,10,13817300
Bucket Sort,Aleatório,1000000,1,222426500
Bucket Sort,Aleatório,1000000,2,185071700
Bucket Sort,Aleatório,1000000,3,204893600
Bucket Sort,Aleatório,1000000,4,182548800
Bucket Sort,Aleatório,1000000,5,192097900
Bucket Sort,Aleatório,1000000,6,159350900
Bucket Sort,Aleatório,1000000,7,174013900
Bucket Sort,Aleatório,1000000,8,160809200
Bucket Sort,Aleatório,1000000,9,160034200
Bucket Sort,Aleatório,1000000,10,174676900
Método,Tipo,Tamanho,Execução,Tempo(ns)
Bucket Sort,Repetidos,100,1,168900
Bucket Sort,Repetidos,100,2,26300
Bucket Sort,Repetidos,100,3,30400
Bucket Sort,Repetidos,100,4,9100
Bucket Sort,Repetidos,100,5,8700
Bucket Sort,Repetidos,100,6,7600
Bucket Sort,Repetidos,100,7,7600
Bucket Sort,Repetidos,100,8,7100
Bucket Sort,Repetidos,100,9,9200
Bucket Sort,Repetidos,100,10,14200
Bucket Sort,Repetidos,1000,1,41800
Bucket Sort,Repetidos,1000,2,33100
Bucket Sort,Repetidos,1000,3,28200
Bucket Sort,Repetidos,1000,4,28900
Bucket Sort,Repetidos,1000,5,69800
Bucket Sort,Repetidos,1000,6,27300
Bucket Sort,Repetidos,1000,7,25100
Bucket Sort,Repetidos,1000,8,52300
Bucket Sort,Repetidos,1000,9,34900
Bucket Sort,Repetidos,1000,10,25900
Bucket Sort,Repetidos,10000,1,282600
Bucket Sort,Repetidos,10000,2,248800
Bucket Sort,Repetidos,10000,3,242400
Bucket Sort,Repetidos,10000,4,236900
Bucket Sort,Repetidos,10000,5,278300
Bucket Sort,Repetidos,10000,6,254100
Bucket Sort,Repetidos,10000,7,244800
Bucket Sort,Repetidos,10000,8,279300
Bucket Sort,Repetidos,10000,9,327500
Bucket Sort,Repetidos,10000,10,239500
Bucket Sort,Repetidos,100000,1,2560100
Bucket Sort,Repetidos,100000,2,2212600
Bucket Sort,Repetidos,100000,3,2939000
Bucket Sort,Repetidos,100000,4,2285000
Bucket Sort,Repetidos,100000,5,2399100
Bucket Sort,Repetidos,100000,6,2087800
Bucket Sort,Repetidos,100000,7,2215000
Bucket Sort,Repetidos,100000,8,2191200
Bucket Sort,Repetidos,100000,9,10959300
Bucket Sort,Repetidos,100000,10,2242000
Bucket Sort,Repetidos,1000000,1,45728400
Bucket Sort,Repetidos,1000000,2,79112000
Bucket Sort,Repetidos,1000000,3,38447800
Bucket Sort,Repetidos,1000000,4,34108300
Bucket Sort,Repetidos,1000000,5,35265200
Bucket Sort,Repetidos,1000000,6,70619400
Bucket Sort,Repetidos,1000000,7,22812200
Bucket Sort,Repetidos,1000000,8,40047900
Bucket Sort,Repetidos,1000000,9,42406500
Bucket Sort,Repetidos,1000000,10,38620900
Método,Tipo,Tamanho,Execução,Tempo(ns)
Radix Sort,Crescente,100,1,1627800
Radix Sort,Crescente,100,2,77500
Radix Sort,Crescente,100,3,72800
Radix Sort,Crescente,100,4,105600
Radix Sort,Crescente,100,5,84600
Radix Sort,Crescente,100,6,84800
Radix Sort,Crescente,100,7,49600
Radix Sort,Crescente,100,8,44900
Radix Sort,Crescente,100,9,41000
Radix Sort,Crescente,100,10,40000
Radix Sort,Crescente,1000,1,476100
Radix Sort,Crescente,1000,2,490200
Radix Sort,Crescente,1000,3,549200
Radix Sort,Crescente,1000,4,511500
Radix Sort,Crescente,1000,5,365800
Radix Sort,Crescente,1000,6,382500
Radix Sort,Crescente,1000,7,382000
Radix Sort,Crescente,1000,8,334900
Radix Sort,Crescente,1000,9,336700
Radix Sort,Crescente,1000,10,411100
Radix Sort,Crescente,10000,1,1443100
Radix Sort,Crescente,10000,2,772700
Radix Sort,Crescente,10000,3,750700
Radix Sort,Crescente,10000,4,863900
Radix Sort,Crescente,10000,5,808100
Radix Sort,Crescente,10000,6,749500
Radix Sort,Crescente,10000,7,565600
Radix Sort,Crescente,10000,8,532000
Radix Sort,Crescente,10000,9,563600
Radix Sort,Crescente,10000,10,555800
Radix Sort,Crescente,100000,1,7330700
Radix Sort,Crescente,100000,2,4452600
Radix Sort,Crescente,100000,3,3868600
Radix Sort,Crescente,100000,4,3656800
Radix Sort,Crescente,100000,5,3189400
Radix Sort,Crescente,100000,6,3325400
Radix Sort,Crescente,100000,7,3191000
Radix Sort,Crescente,100000,8,3261000
Radix Sort,Crescente,100000,9,3261100
Radix Sort,Crescente,100000,10,3223200
Radix Sort,Crescente,1000000,1,57242800
Radix Sort,Crescente,1000000,2,73434800
Radix Sort,Crescente,1000000,3,69464700
Radix Sort,Crescente,1000000,4,81696200
Radix Sort,Crescente,1000000,5,70066800
Radix Sort,Crescente,1000000,6,57697800
Radix Sort,Crescente,1000000,7,82502000
Radix Sort,Crescente,1000000,8,59602300
Radix Sort,Crescente,1000000,9,71904300
Radix Sort,Crescente,1000000,10,75330100
Método,Tipo,Tamanho,Execução,Tempo(ns)
Radix Sort,Decrescente,100,1,45100
Radix Sort,Decrescente,100,2,6000
Radix Sort,Decrescente,100,3,3600
Radix Sort,Decrescente,100,4,3300
Radix Sort,Decrescente,100,5,3200
Radix Sort,Decrescente,100,6,3300
Radix Sort,Decrescente,100,7,2800
Radix Sort,Decrescente,100,8,3000
Radix Sort,Decrescente,100,9,7600
Radix Sort,Decrescente,100,10,6900
Radix Sort,Decrescente,1000,1,37700
Radix Sort,Decrescente,1000,2,59100
Radix Sort,Decrescente,1000,3,49700
Radix Sort,Decrescente,1000,4,20500
Radix Sort,Decrescente,1000,5,22800
Radix Sort,Decrescente,1000,6,20800
Radix Sort,Decrescente,1000,7,20800
Radix Sort,Decrescente,1000,8,21500
Radix Sort,Decrescente,1000,9,21300
Radix Sort,Decrescente,1000,10,21200
Radix Sort,Decrescente,10000,1,300900
Radix Sort,Decrescente,10000,2,263400
Radix Sort,Decrescente,10000,3,246100
Radix Sort,Decrescente,10000,4,326600
Radix Sort,Decrescente,10000,5,262700
Radix Sort,Decrescente,10000,6,258400
Radix Sort,Decrescente,10000,7,303800
Radix Sort,Decrescente,10000,8,307200
Radix Sort,Decrescente,10000,9,248400
Radix Sort,Decrescente,10000,10,270400
Radix Sort,Decrescente,100000,1,32037400
Radix Sort,Decrescente,100000,2,3891800
Radix Sort,Decrescente,100000,3,3777100
Radix Sort,Decrescente,100000,4,4351100
Radix Sort,Decrescente,100000,5,3893800
Radix Sort,Decrescente,100000,6,3556900
Radix Sort,Decrescente,100000,7,4339900
Radix Sort,Decrescente,100000,8,4325200
Radix Sort,Decrescente,100000,9,3647300
Radix Sort,Decrescente,100000,10,3876400
Radix Sort,Decrescente,1000000,1,68710800
Radix Sort,Decrescente,1000000,2,72394000
Radix Sort,Decrescente,1000000,3,106967500
Radix Sort,Decrescente,1000000,4,101262400
Radix Sort,Decrescente,1000000,5,102017500
Radix Sort,Decrescente,1000000,6,60521100
Radix Sort,Decrescente,1000000,7,56987300
Radix Sort,Decrescente,1000000,8,67761800
Radix Sort,Decrescente,1000000,9,71969500
Radix Sort,Decrescente,1000000,10,60923600
Método,Tipo,Tamanho,Execução,Tempo(ns)
Radix Sort,Aleatório,100,1,23000
Radix Sort,Aleatório,100,2,10600
Radix Sort,Aleatório,100,3,8800
Radix Sort,Aleatório,100,4,8900
Radix Sort,Aleatório,100,5,9300
Radix Sort,Aleatório,100,6,7800
Radix Sort,Aleatório,100,7,7500
Radix Sort,Aleatório,100,8,7300
Radix Sort,Aleatório,100,9,6300
Radix Sort,Aleatório,100,10,6700
Radix Sort,Aleatório,1000,1,56800
Radix Sort,Aleatório,1000,2,60600
Radix Sort,Aleatório,1000,3,40600
Radix Sort,Aleatório,1000,4,107100
Radix Sort,Aleatório,1000,5,43900
Radix Sort,Aleatório,1000,6,35100
Radix Sort,Aleatório,1000,7,35400
Radix Sort,Aleatório,1000,8,35400
Radix Sort,Aleatório,1000,9,35500
Radix Sort,Aleatório,1000,10,33900
Radix Sort,Aleatório,10000,1,490900
Radix Sort,Aleatório,10000,2,392600
Radix Sort,Aleatório,10000,3,301200
Radix Sort,Aleatório,10000,4,289000
Radix Sort,Aleatório,10000,5,271900
Radix Sort,Aleatório,10000,6,498400
Radix Sort,Aleatório,10000,7,513700
Radix Sort,Aleatório,10000,8,418600
Radix Sort,Aleatório,10000,9,435300
Radix Sort,Aleatório,10000,10,463100
Radix Sort,Aleatório,100000,1,87618300
Radix Sort,Aleatório,100000,2,5632200
Radix Sort,Aleatório,100000,3,4656600
Radix Sort,Aleatório,100000,4,4887500
Radix Sort,Aleatório,100000,5,4794500
Radix Sort,Aleatório,100000,6,4663700
Radix Sort,Aleatório,100000,7,6803800
Radix Sort,Aleatório,100000,8,4610900
Radix Sort,Aleatório,100000,9,4865900
Radix Sort,Aleatório,100000,10,9342400
Radix Sort,Aleatório,1000000,1,230030500
Radix Sort,Aleatório,1000000,2,149067800
Radix Sort,Aleatório,1000000,3,210634800
Radix Sort,Aleatório,1000000,4,154907600
Radix Sort,Aleatório,1000000,5,168412800
Radix Sort,Aleatório,1000000,6,164339800
Radix Sort,Aleatório,1000000,7,151034600
Radix Sort,Aleatório,1000000,8,159036100
Radix Sort,Aleatório,1000000,9,164202700
Radix Sort,Aleatório,1000000,10,175164800
Método,Tipo,Tamanho,Execução,Tempo(ns)
Radix Sort,Repetidos,100,1,83900
Radix Sort,Repetidos,100,2,4800
Radix Sort,Repetidos,100,3,3400
Radix Sort,Repetidos,100,4,6500
Radix Sort,Repetidos,100,5,2800
Radix Sort,Repetidos,100,6,6800
Radix Sort,Repetidos,100,7,2800
Radix Sort,Repetidos,100,8,2300
Radix Sort,Repetidos,100,9,2700
Radix Sort,Repetidos,100,10,3300
Radix Sort,Repetidos,1000,1,20900
Radix Sort,Repetidos,1000,2,10800
Radix Sort,Repetidos,1000,3,17500
Radix Sort,Repetidos,1000,4,17100
Radix Sort,Repetidos,1000,5,18700
Radix Sort,Repetidos,1000,6,17500
Radix Sort,Repetidos,1000,7,20400
Radix Sort,Repetidos,1000,8,18300
Radix Sort,Repetidos,1000,9,17500
Radix Sort,Repetidos,1000,10,17000
Radix Sort,Repetidos,10000,1,260400
Radix Sort,Repetidos,10000,2,224500
Radix Sort,Repetidos,10000,3,204900
Radix Sort,Repetidos,10000,4,208000
Radix Sort,Repetidos,10000,5,231200
Radix Sort,Repetidos,10000,6,253000
Radix Sort,Repetidos,10000,7,243900
Radix Sort,Repetidos,10000,8,221500
Radix Sort,Repetidos,10000,9,249000
Radix Sort,Repetidos,10000,10,279900
Radix Sort,Repetidos,100000,1,38663200
Radix Sort,Repetidos,100000,2,3072700
Radix Sort,Repetidos,100000,3,3205000
Radix Sort,Repetidos,100000,4,3120400
Radix Sort,Repetidos,100000,5,3739200
Radix Sort,Repetidos,100000,6,3150300
Radix Sort,Repetidos,100000,7,3212500
Radix Sort,Repetidos,100000,8,3151000
Radix Sort,Repetidos,100000,9,3419400
Radix Sort,Repetidos,100000,10,3211800
Radix Sort,Repetidos,1000000,1,48422100
Radix Sort,Repetidos,1000000,2,35702100
Radix Sort,Repetidos,1000000,3,45636700
Radix Sort,Repetidos,1000000,4,57832400
Radix Sort,Repetidos,1000000,5,61192000
Radix Sort,Repetidos,1000000,6,39769900
Radix Sort,Repetidos,1000000,7,35716800
Radix Sort,Repetidos,1000000,8,55100600
Radix Sort,Repetidos,1000000,9,38055200
Radix Sort,Repetidos,1000000,10,36075500
Método,Tipo,Tamanho,Execução,Tempo(ns)
Counting Sort,Crescente,100,1,1254700
Counting Sort,Crescente,100,2,176200
Counting Sort,Crescente,100,3,139800
Counting Sort,Crescente,100,4,216700
Counting Sort,Crescente,100,5,70600
Counting Sort,Crescente,100,6,66500
Counting Sort,Crescente,100,7,47200
Counting Sort,Crescente,100,8,47600
Counting Sort,Crescente,100,9,60600
Counting Sort,Crescente,100,10,46900
Counting Sort,Crescente,1000,1,434100
Counting Sort,Crescente,1000,2,413000
Counting Sort,Crescente,1000,3,600700
Counting Sort,Crescente,1000,4,485400
Counting Sort,Crescente,1000,5,428600
Counting Sort,Crescente,1000,6,383600
Counting Sort,Crescente,1000,7,290600
Counting Sort,Crescente,1000,8,252800
Counting Sort,Crescente,1000,9,274100
Counting Sort,Crescente,1000,10,271100
Counting Sort,Crescente,10000,1,2305900
Counting Sort,Crescente,10000,2,1543600
Counting Sort,Crescente,10000,3,861000
Counting Sort,Crescente,10000,4,838900
Counting Sort,Crescente,10000,5,593200
Counting Sort,Crescente,10000,6,248700
Counting Sort,Crescente,10000,7,236100
Counting Sort,Crescente,10000,8,308100
Counting Sort,Crescente,10000,9,250000
Counting Sort,Crescente,10000,10,238900
Counting Sort,Crescente,100000,1,1971700
Counting Sort,Crescente,100000,2,1900800
Counting Sort,Crescente,100000,3,2031500
Counting Sort,Crescente,100000,4,1857900
Counting Sort,Crescente,100000,5,1843300
Counting Sort,Crescente,100000,6,1614200
Counting Sort,Crescente,100000,7,1973600
Counting Sort,Crescente,100000,8,1708300
Counting Sort,Crescente,100000,9,1979200
Counting Sort,Crescente,100000,10,1592600
Counting Sort,Crescente,1000000,1,14265900
Counting Sort,Crescente,1000000,2,13592200
Counting Sort,Crescente,1000000,3,13925300
Counting Sort,Crescente,1000000,4,12055700
Counting Sort,Crescente,1000000,5,11431000
Counting Sort,Crescente,1000000,6,12067100
Counting Sort,Crescente,1000000,7,12318700
Counting Sort,Crescente,1000000,8,29610200
Counting Sort,Crescente,1000000,9,12717400
Counting Sort,Crescente,1000000,10,13287500
Método,Tipo,Tamanho,Execução,Tempo(ns)
Counting Sort,Decrescente,100,1,22200
Counting Sort,Decrescente,100,2,6500
Counting Sort,Decrescente,100,3,5500
Counting Sort,Decrescente,100,4,7200
Counting Sort,Decrescente,100,5,10100
Counting Sort,Decrescente,100,6,7500
Counting Sort,Decrescente,100,7,6100
Counting Sort,Decrescente,100,8,5800
Counting Sort,Decrescente,100,9,4600
Counting Sort,Decrescente,100,10,8200
Counting Sort,Decrescente,1000,1,17300
Counting Sort,Decrescente,1000,2,17400
Counting Sort,Decrescente,1000,3,19400
Counting Sort,Decrescente,1000,4,23100
Counting Sort,Decrescente,1000,5,17400
Counting Sort,Decrescente,1000,6,17500
Counting Sort,Decrescente,1000,7,18000
Counting Sort,Decrescente,1000,8,17700
Counting Sort,Decrescente,1000,9,17200
Counting Sort,Decrescente,1000,10,18100
Counting Sort,Decrescente,10000,1,160500
Counting Sort,Decrescente,10000,2,103900
Counting Sort,Decrescente,10000,3,97900
Counting Sort,Decrescente,10000,4,97700
Counting Sort,Decrescente,10000,5,93800
Counting Sort,Decrescente,10000,6,95500
Counting Sort,Decrescente,10000,7,92300
Counting Sort,Decrescente,10000,8,112400
Counting Sort,Decrescente,10000,9,95900
Counting Sort,Decrescente,10000,10,97300
Counting Sort,Decrescente,100000,1,1175200
Counting Sort,Decrescente,100000,2,1110100
Counting Sort,Decrescente,100000,3,1228300
Counting Sort,Decrescente,100000,4,1006500
Counting Sort,Decrescente,100000,5,926800
Counting Sort,Decrescente,100000,6,1387000
Counting Sort,Decrescente,100000,7,1010600
Counting Sort,Decrescente,100000,8,1386600
Counting Sort,Decrescente,100000,9,999100
Counting Sort,Decrescente,100000,10,907000
Counting Sort,Decrescente,1000000,1,24924000
Counting Sort,Decrescente,1000000,2,12619400
Counting Sort,Decrescente,1000000,3,13236600
Counting Sort,Decrescente,1000000,4,12621400
Counting Sort,Decrescente,1000000,5,12490600
Counting Sort,Decrescente,1000000,6,12217600
Counting Sort,Decrescente,1000000,7,27413100
Counting Sort,Decrescente,1000000,8,14143100
Counting Sort,Decrescente,1000000,9,12888000
Counting Sort,Decrescente,1000000,10,12826000
Método,Tipo,Tamanho,Execução,Tempo(ns)
Counting Sort,Aleatório,100,1,14000
Counting Sort,Aleatório,100,2,3000
Counting Sort,Aleatório,100,3,2600
Counting Sort,Aleatório,100,4,10600
Counting Sort,Aleatório,100,5,5300
Counting Sort,Aleatório,100,6,4200
Counting Sort,Aleatório,100,7,4500
Counting Sort,Aleatório,100,8,6400
Counting Sort,Aleatório,100,9,9900
Counting Sort,Aleatório,100,10,6800
Counting Sort,Aleatório,1000,1,42300
Counting Sort,Aleatório,1000,2,45300
Counting Sort,Aleatório,1000,3,25200
Counting Sort,Aleatório,1000,4,14500
Counting Sort,Aleatório,1000,5,12600
Counting Sort,Aleatório,1000,6,12500
Counting Sort,Aleatório,1000,7,13100
Counting Sort,Aleatório,1000,8,13900
Counting Sort,Aleatório,1000,9,13800
Counting Sort,Aleatório,1000,10,13200
Counting Sort,Aleatório,10000,1,124200
Counting Sort,Aleatório,10000,2,127800
Counting Sort,Aleatório,10000,3,165300
Counting Sort,Aleatório,10000,4,122900
Counting Sort,Aleatório,10000,5,122900
Counting Sort,Aleatório,10000,6,124400
Counting Sort,Aleatório,10000,7,121600
Counting Sort,Aleatório,10000,8,118900
Counting Sort,Aleatório,10000,9,121800
Counting Sort,Aleatório,10000,10,118100
Counting Sort,Aleatório,100000,1,2600100
Counting Sort,Aleatório,100000,2,2389800
Counting Sort,Aleatório,100000,3,1576400
Counting Sort,Aleatório,100000,4,2078800
Counting Sort,Aleatório,100000,5,2001600
Counting Sort,Aleatório,100000,6,2231000
Counting Sort,Aleatório,100000,7,2764800
Counting Sort,Aleatório,100000,8,1820100
Counting Sort,Aleatório,100000,9,1611000
Counting Sort,Aleatório,100000,10,1825500
Counting Sort,Aleatório,1000000,1,39758600
Counting Sort,Aleatório,1000000,2,41294200
Counting Sort,Aleatório,1000000,3,28548000
Counting Sort,Aleatório,1000000,4,47360800
Counting Sort,Aleatório,1000000,5,48046600
Counting Sort,Aleatório,1000000,6,28714000
Counting Sort,Aleatório,1000000,7,27592300
Counting Sort,Aleatório,1000000,8,25850900
Counting Sort,Aleatório,1000000,9,44522600
Counting Sort,Aleatório,1000000,10,26723900
Método,Tipo,Tamanho,Execução,Tempo(ns)
Counting Sort,Repetidos,100,1,12600
Counting Sort,Repetidos,100,2,3300
Counting Sort,Repetidos,100,3,2700
Counting Sort,Repetidos,100,4,2600
Counting Sort,Repetidos,100,5,2600
Counting Sort,Repetidos,100,6,2700
Counting Sort,Repetidos,100,7,2900
Counting Sort,Repetidos,100,8,2700
Counting Sort,Repetidos,100,9,2400
Counting Sort,Repetidos,100,10,2900
Counting Sort,Repetidos,1000,1,12500
Counting Sort,Repetidos,1000,2,12700
Counting Sort,Repetidos,1000,3,13400
Counting Sort,Repetidos,1000,4,16400
Counting Sort,Repetidos,1000,5,13100
Counting Sort,Repetidos,1000,6,25600
Counting Sort,Repetidos,1000,7,26500
Counting Sort,Repetidos,1000,8,13600
Counting Sort,Repetidos,1000,9,13300
Counting Sort,Repetidos,1000,10,13500
Counting Sort,Repetidos,10000,1,115200
Counting Sort,Repetidos,10000,2,106900
Counting Sort,Repetidos,10000,3,97700
Counting Sort,Repetidos,10000,4,97800
Counting Sort,Repetidos,10000,5,101800
Counting Sort,Repetidos,10000,6,103200
Counting Sort,Repetidos,10000,7,114900
Counting Sort,Repetidos,10000,8,94100
Counting Sort,Repetidos,10000,9,96900
Counting Sort,Repetidos,10000,10,92900
Counting Sort,Repetidos,100000,1,1116000
Counting Sort,Repetidos,100000,2,1032200
Counting Sort,Repetidos,100000,3,1113600
Counting Sort,Repetidos,100000,4,1915300
Counting Sort,Repetidos,100000,5,1002300
Counting Sort,Repetidos,100000,6,1682400
Counting Sort,Repetidos,100000,7,1310800
Counting Sort,Repetidos,100000,8,1009700
Counting Sort,Repetidos,100000,9,1143700
Counting Sort,Repetidos,100000,10,1100200
Counting Sort,Repetidos,1000000,1,13367800
Counting Sort,Repetidos,1000000,2,47332600
Counting Sort,Repetidos,1000000,3,12519900
Counting Sort,Repetidos,1000000,4,12320500
Counting Sort,Repetidos,1000000,5,12353800
Counting Sort,Repetidos,1000000,6,12498500
Counting Sort,Repetidos,1000000,7,13222000
Counting Sort,Repetidos,1000000,8,13076600
Counting Sort,Repetidos,1000000,9,41567200
Counting Sort,Repetidos,1000000,10,10871100
Método,Tipo,Tamanho,Execução,Tempo(ns)
Merge Sort,Repetidos,100,1,476300
Merge Sort,Repetidos,100,2,448100
Merge Sort,Repetidos,100,3,282700
Merge Sort,Repetidos,100,4,205400
Merge Sort,Repetidos,100,5,168900
Merge Sort,Repetidos,100,6,127700
Merge Sort,Repetidos,100,7,90100
Merge Sort,Repetidos,100,8,94400
Merge Sort,Repetidos,100,9,101700
Merge Sort,Repetidos,100,10,94200
Merge Sort,Repetidos,1000,1,850300
Merge Sort,Repetidos,1000,2,4401700
Merge Sort,Repetidos,1000,3,910900
Merge Sort,Repetidos,1000,4,1018100
Merge Sort,Repetidos,1000,5,916300
Merge Sort,Repetidos,1000,6,860700
Merge Sort,Repetidos,1000,7,462500
Merge Sort,Repetidos,1000,8,2401200
Merge Sort,Repetidos,1000,9,1341200
Merge Sort,Repetidos,1000,10,1134000
Merge Sort,Repetidos,10000,1,9015700
Merge Sort,Repetidos,10000,2,10658700
Merge Sort,Repetidos,10000,3,8516200
Merge Sort,Repetidos,10000,4,8443900
Merge Sort,Repetidos,10000,5,10072900
Merge Sort,Repetidos,10000,6,10528500
Merge Sort,Repetidos,10000,7,10870300
Merge Sort,Repetidos,10000,8,6497600
Merge Sort,Repetidos,10000,9,3354400
Merge Sort,Repetidos,10000,10,3315500
Merge Sort,Repetidos,100000,1,47130600
Merge Sort,Repetidos,100000,2,26111300
Merge Sort,Repetidos,100000,3,20058200
Merge Sort,Repetidos,100000,4,31505900
Merge Sort,Repetidos,100000,5,15298600
Merge Sort,Repetidos,100000,6,13529100
Merge Sort,Repetidos,100000,7,17246900
Merge Sort,Repetidos,100000,8,16975400
Merge Sort,Repetidos,100000,9,16016600
Merge Sort,Repetidos,100000,10,22555100
Merge Sort,Repetidos,1000000,1,247575600
Merge Sort,Repetidos,1000000,2,200373400
Merge Sort,Repetidos,1000000,3,219459000
Merge Sort,Repetidos,1000000,4,197493600
Merge Sort,Repetidos,1000000,5,173642300
Merge Sort,Repetidos,1000000,6,272014900
Merge Sort,Repetidos,1000000,7,197834700
Merge Sort,Repetidos,1000000,8,186913800
Merge Sort,Repetidos,1000000,9,168910400
Merge Sort,Repetidos,1000000,10,348116800
Método,Tipo,Tamanho,Execução,Tempo(ns)
Bubble Sort,Crescente,100,1,1062300
Bubble Sort,Crescente,100,2,481600
Bubble Sort,Crescente,100,3,378700
Bubble Sort,Crescente,100,4,551000
Bubble Sort,Crescente,100,5,353600
Bubble Sort,Crescente,100,6,360100
Bubble Sort,Crescente,100,7,471000
Bubble Sort,Crescente,100,8,448500
Bubble Sort,Crescente,100,9,731800
Bubble Sort,Crescente,100,10,480600
Bubble Sort,Crescente,1000,1,5226100
Bubble Sort,Crescente,1000,2,6751800
Bubble Sort,Crescente,1000,3,4767600
Bubble Sort,Crescente,1000,4,3880700
Bubble Sort,Crescente,1000,5,437400
Bubble Sort,Crescente,1000,6,765000
Bubble Sort,Crescente,1000,7,432300
Bubble Sort,Crescente,1000,8,435400
Bubble Sort,Crescente,1000,9,450200
Bubble Sort,Crescente,1000,10,433700
Bubble Sort,Crescente,10000,1,54643700
Bubble Sort,Crescente,10000,2,48727400
Bubble Sort,Crescente,10000,3,49499100
Bubble Sort,Crescente,10000,4,55411700
Bubble Sort,Crescente,10000,5,50576100
Bubble Sort,Crescente,10000,6,51258200
Bubble Sort,Crescente,10000,7,50491900
Bubble Sort,Crescente,10000,8,47417000
Bubble Sort,Crescente,10000,9,56975500
Bubble Sort,Crescente,10000,10,59306200
Bubble Sort,Crescente,100000,1,4896168000
Bubble Sort,Crescente,100000,2,5219145800
Bubble Sort,Crescente,100000,3,5227407500
Bubble Sort,Crescente,100000,4,5417363800
Bubble Sort,Crescente,100000,5,5676283300
Bubble Sort,Crescente,100000,6,5054838600
Bubble Sort,Crescente,100000,7,5512835300
Bubble Sort,Crescente,100000,8,5250570300
Bubble Sort,Crescente,100000,9,5207582900
Bubble Sort,Crescente,100000,10,6930141200
Bubble Sort,Crescente,1000000,1,712778320000
Bubble Sort,Crescente,1000000,2,747516634900
Bubble Sort,Crescente,1000000,3,744584084200
Bubble Sort,Crescente,1000000,4,803769750000
Bubble Sort,Crescente,1000000,5,747566904000
Bubble Sort,Crescente,1000000,6,720874165000
Bubble Sort,Crescente,1000000,7,646981045000
Bubble Sort,Crescente,1000000,8,710732533800
Bubble Sort,Crescente,1000000,9,338540377100
Bubble Sort,Crescente,1000000,10,344770517500
Método,Tipo,Tamanho,Execução,Tempo(ns)
Bubble Sort,Repetidos,100,1,477000
Bubble Sort,Repetidos,100,2,230800
Bubble Sort,Repetidos,100,3,215300
Bubble Sort,Repetidos,100,4,285000
Bubble Sort,Repetidos,100,5,194400
Bubble Sort,Repetidos,100,6,194600
Bubble Sort,Repetidos,100,7,193800
Bubble Sort,Repetidos,100,8,197400
Bubble Sort,Repetidos,100,9,210600
Bubble Sort,Repetidos,100,10,237000
Bubble Sort,Repetidos,1000,1,3724500
Bubble Sort,Repetidos,1000,2,3163600
Bubble Sort,Repetidos,1000,3,481300
Bubble Sort,Repetidos,1000,4,2055200
Bubble Sort,Repetidos,1000,5,2073100
Bubble Sort,Repetidos,1000,6,331700
Bubble Sort,Repetidos,1000,7,329100
Bubble Sort,Repetidos,1000,8,331200
Bubble Sort,Repetidos,1000,9,333400
Bubble Sort,Repetidos,1000,10,332400
Bubble Sort,Repetidos,10000,1,33811800
Bubble Sort,Repetidos,10000,2,33216500
Bubble Sort,Repetidos,10000,3,32949600
Bubble Sort,Repetidos,10000,4,33193300
Bubble Sort,Repetidos,10000,5,29404600
Bubble Sort,Repetidos,10000,6,29214700
Bubble Sort,Repetidos,10000,7,30709200
Bubble Sort,Repetidos,10000,8,29730200
Bubble Sort,Repetidos,10000,9,30177300
Bubble Sort,Repetidos,10000,10,30302200
Bubble Sort,Repetidos,100000,1,3046368700
Bubble Sort,Repetidos,100000,2,3198709400
Bubble Sort,Repetidos,100000,3,3034560400
Bubble Sort,Repetidos,100000,4,3145947100
Bubble Sort,Repetidos,100000,5,3136611500
Bubble Sort,Repetidos,100000,6,3210702400
Bubble Sort,Repetidos,100000,7,3035216800
Bubble Sort,Repetidos,100000,8,3158368900
Bubble Sort,Repetidos,100000,9,3661287700
Bubble Sort,Repetidos,100000,10,4876334000
Bubble Sort,Repetidos,1000000,1,351387420800
Bubble Sort,Repetidos,1000000,2,351814489900
Bubble Sort,Repetidos,1000000,3,363560260600
Bubble Sort,Repetidos,1000000,4,295544096300
Bubble Sort,Repetidos,1000000,5,357377703500
Bubble Sort,Repetidos,1000000,6,352575663300
Bubble Sort,Repetidos,1000000,7,364004172100
Bubble Sort,Repetidos,1000000,8,364217781500
Bubble Sort,Repetidos,1000000,9,323578414000
Bubble Sort,Repetidos,1000000,10,352672920600
Método,Tipo,Tamanho,Execução,Tempo(ns)
Bubble Sort,Decrescente,100,1,609700
Bubble Sort,Decrescente,100,2,497800
Bubble Sort,Decrescente,100,3,382500
Bubble Sort,Decrescente,100,4,383000
Bubble Sort,Decrescente,100,5,430200
Bubble Sort,Decrescente,100,6,429700
Bubble Sort,Decrescente,100,7,435300
Bubble Sort,Decrescente,100,8,454600
Bubble Sort,Decrescente,100,9,443100
Bubble Sort,Decrescente,100,10,435600
Bubble Sort,Decrescente,1000,1,6474200
Bubble Sort,Decrescente,1000,2,35438100
Bubble Sort,Decrescente,1000,3,2219700
Bubble Sort,Decrescente,1000,4,2244300
Bubble Sort,Decrescente,1000,5,2201800
Bubble Sort,Decrescente,1000,6,2206800
Bubble Sort,Decrescente,1000,7,2372100
Bubble Sort,Decrescente,1000,8,2219900
Bubble Sort,Decrescente,1000,9,2681700
Bubble Sort,Decrescente,1000,10,3206000
Bubble Sort,Decrescente,10000,1,171614400
Bubble Sort,Decrescente,10000,2,175742600
Bubble Sort,Decrescente,10000,3,171494500
Bubble Sort,Decrescente,10000,4,170476400
Bubble Sort,Decrescente,10000,5,175549500
Bubble Sort,Decrescente,10000,6,174806400
Bubble Sort,Decrescente,10000,7,170531700
Bubble Sort,Decrescente,10000,8,169679900
Bubble Sort,Decrescente,10000,9,172798400
Bubble Sort,Decrescente,10000,10,171584100
Bubble Sort,Decrescente,100000,1,17951361100
Bubble Sort,Decrescente,100000,2,18003972000
Bubble Sort,Decrescente,100000,3,19317398600
Bubble Sort,Decrescente,100000,4,25559000100
Bubble Sort,Decrescente,100000,5,25980865600
Bubble Sort,Decrescente,100000,6,25344057000
Bub